text_id,url
1,https://forms.office.com/DEINE_LINK_HIER_1
2,https://forms.office.com/DEINE_LINK_HIER_2
3,https://forms.office.com/DEINE_LINK_HIER_3
4,https://forms.office.com/DEINE_LINK_HIER_4
5,https://forms.office.com/DEINE_LINK_HIER_5
6,https://forms.office.com/DEINE_LINK_HIER_6
7,https://forms.office.com/DEINE_LINK_HIER_7
8,https://forms.office.com/DEINE_LINK_HIER_8
9,https://forms.office.com/DEINE_LINK_HIER_9
10,https://forms.office.com/DEINE_LINK_HIER_10
11,https://forms.office.com/DEINE_LINK_HIER_11
12,https://forms.office.com/DEINE_LINK_HIER_12
13,https://forms.office.com/DEINE_LINK_HIER_13
14,https://forms.office.com/DEINE_LINK_HIER_14
15,https://forms.office.com/DEINE_LINK_HIER_15
16,https://forms.office.com/DEINE_LINK_HIER_16
17,https://forms.office.com/DEINE_LINK_HIER_17
18,https://forms.office.com/DEINE_LINK_HIER_18
19,https://forms.office.com/DEINE_LINK_HIER_19
20,https://forms.office.com/DEINE_LINK_HIER_20
21,https://forms.office.com/DEINE_LINK_HIER_21
22,https://forms.office.com/DEINE_LINK_HIER_22
23,https://forms.office.com/DEINE_LINK_HIER_23
24,https://forms.office.com/DEINE_LINK_HIER_24
25,https://forms.office.com/DEINE_LINK_HIER_25
26,https://forms.office.com/DEINE_LINK_HIER_26
27,https://forms.office.com/DEINE_LINK_HIER_27
28,https://forms.office.com/DEINE_LINK_HIER_28
29,https://forms.office.com/DEINE_LINK_HIER_29
30,https://forms.office.com/DEINE_LINK_HIER_30
31,https://forms.office.com/DEINE_LINK_HIER_31
32,https://forms.office.com/DEINE_LINK_HIER_32
33,https://forms.office.com/DEINE_LINK_HIER_33
34,https://forms.office.com/DEINE_LINK_HIER_34
35,https://forms.office.com/DEINE_LINK_HIER_35
36,https://forms.office.com/DEINE_LINK_HIER_36
37,https://forms.office.com/DEINE_LINK_HIER_37
38,https://forms.office.com/DEINE_LINK_HIER_38
39,https://forms.office.com/DEINE_LINK_HIER_39
40,https://forms.office.com/DEINE_LINK_HIER_40
41,https://forms.office.com/DEINE_LINK_HIER_41
42,https://forms.office.com/DEINE_LINK_HIER_42
43,https://forms.office.com/DEINE_LINK_HIER_43
44,https://forms.office.com/DEINE_LINK_HIER_44
45,https://forms.office.com/DEINE_LINK_HIER_45
46,https://forms.office.com/DEINE_LINK_HIER_46
47,https://forms.office.com/DEINE_LINK_HIER_47
48,https://forms.office.com/DEINE_LINK_HIER_48
49,https://forms.office.com/DEINE_LINK_HIER_49
50,https://forms.office.com/DEINE_LINK_HIER_50
51,https://forms.office.com/DEINE_LINK_HIER_51
52,https://forms.office.com/DEINE_LINK_HIER_52
53,https://forms.office.com/DEINE_LINK_HIER_53
54,https://forms.office.com/DEINE_LINK_HIER_54
55,https://forms.office.com/DEINE_LINK_HIER_55
56,https://forms.office.com/DEINE_LINK_HIER_56
57,https://forms.office.com/DEINE_LINK_HIER_57
58,https://forms.office.com/DEINE_LINK_HIER_58
59,https://forms.office.com/DEINE_LINK_HIER_59
60,https://forms.office.com/DEINE_LINK_HIER_60
61,https://forms.office.com/DEINE_LINK_HIER_61
62,https://forms.office.com/DEINE_LINK_HIER_62
63,https://forms.office.com/DEINE_LINK_HIER_63
64,https://forms.office.com/DEINE_LINK_HIER_64
65,https://forms.office.com/DEINE_LINK_HIER_65
66,https://forms.office.com/DEINE_LINK_HIER_66
67,https://forms.office.com/DEINE_LINK_HIER_67
68,https://forms.office.com/DEINE_LINK_HIER_68
69,https://forms.office.com/DEINE_LINK_HIER_69
70,https://forms.office.com/DEINE_LINK_HIER_70
71,https://forms.office.com/DEINE_LINK_HIER_71
72,https://forms.office.com/DEINE_LINK_HIER_72
73,https://forms.office.com/DEINE_LINK_HIER_73
74,https://forms.office.com/DEINE_LINK_HIER_74
75,https://forms.office.com/DEINE_LINK_HIER_75
76,https://forms.office.com/DEINE_LINK_HIER_76
77,https://forms.office.com/DEINE_LINK_HIER_77
78,https://forms.office.com/DEINE_LINK_HIER_78
79,https://forms.office.com/DEINE_LINK_HIER_79
80,https://forms.office.com/DEINE_LINK_HIER_80
